Ahmed,112345,12345,ahmed@gmail.com,Egypt,1,20,Male,
karim,123973,89389,samy@gmail.com,Ghana,3,22,Male,
John,762874,817837,john@gmail.com,America,4,23,Male,
Chris,738290,8738223,chris@gmail.com,England,5,24,Male,
azzouny,01159282994,12345678,azzouny@gmail.com,Owesna,5,30,M,
Ahmed,112345,12345,ahmed@gmail.com,Egypt,1,20,Male,
karim,123973,89389,samy@gmail.com,Ghana,3,22,Male,
John,762874,817837,john@gmail.com,America,4,23,Male,
Chris,738290,8738223,chris@gmail.com,England,5,24,Male,
omar,010,123,omar@gmail.com,egypt,123,19,male,
